"","svdPref","svdPlusPlusPref","userPref","itemPref"
"1",1.6725560975173,2.85481921012371,1.09525770411192,4.4641732287857
"2",2.24187231014544,1.65713768901499,4.77028938556425,1.33607520742693
"3",1.40176311689512,1.46044177866949,1.09496615328921,1.33607520742693
"4",1.40304347439682,2.11006608355401,1.09484599146589,1.33608407912734
"5",1.41871084295866,3.49027940603948,1.09485367729575,1.33608407912734
"6",1.29473762404816,3.02185088483202,1.09485367520634,1.33608407912734
"7",1.11356562860418,3.04035936633765,1.09419381294604,1.81632816693428
"8",1.0980073457808,3.04126566137169,1.09442166824764,1.14895824982682
"9",1.48145404608035,3.03116978776172,1.89267896838649,1.12815127394925
